{"cameraMode":{"drawMode":0,"name":"Shaded","section":"Shading Mode"},"sceneLighting":false,"audioPlay":false,"sceneViewState":{"m_AlwaysRefresh":false,"showFog":true,"showSkybox":false,"showFlares":true,"showImageEffects":true,"showParticleSystems":true,"showVisualEffectGraphs":true,"m_FxEnabled":true},"in2DMode":false,"pivot":{"x":0.6049184799194336,"y":-0.0001468250120524317,"z":-3.0062828063964845},"rotation":{"x":-0.18184693157672883,"y":0.036848556250333789,"z":-0.006800827570259571,"w":-0.982578694820404},"size":0.000017320508050033823,"orthographic":false}